,ticker,stkpx,expirdate,yte,strike,transact_date,transact_pbidpx,transact_pvalue,transact_paskpx,pbidpx,pvalue,paskpx,delta,gamma,theta,vega,rho,phi,trade_date,PeriodPnL,TotalPnL,Loss100,LossDate,MinLossDate,stopLoss
95,AAPL,111.12,2016-05-20,0.12603,105.0,2016-04-04,2.03,2.07,2.06,2.03,2.07,2.06,0.7202569999999999,0.030048000000000002,-0.04541,0.129834,0.090762,-0.100356,2016-04-04,0.0,0.0,False,,2016-04-27,False
96,AAPL,109.69,2016-05-20,0.12329000000000001,105.0,2016-04-04,2.03,2.07,2.06,2.47,2.5,2.49,0.675719,0.032521,-0.048501,0.13994700000000002,0.082715,-0.090912,2016-04-05,-0.43000000000000016,-0.43000000000000016,False,,2016-04-27,False
97,AAPL,110.88,2016-05-20,0.12055,105.0,2016-04-04,2.03,2.07,2.06,2.12,2.15,2.14,0.7114,0.030491000000000004,-0.047466,0.133648,0.085634,-0.094606,2016-04-06,-0.08000000000000007,-0.5100000000000002,False,,2016-04-27,False
98,AAPL,108.49,2016-05-20,0.11780999999999998,105.0,2016-04-04,2.03,2.07,2.06,3.05,3.02,3.1,0.632618,0.033705,-0.05275,0.140731,0.073421,-0.08043600000000001,2016-04-07,-0.9500000000000002,-1.4600000000000004,False,,2016-04-27,False
99,AAPL,108.6,2016-05-20,0.11507,105.0,2016-04-04,2.03,2.07,2.06,2.81,2.84,2.83,0.639674,0.034579,-0.052287,0.139035,0.072741,-0.079523,2016-04-08,-0.77,-2.2300000000000004,False,,2016-04-27,False
100,AAPL,109.26,2016-05-20,0.10685,105.0,2016-04-04,2.03,2.07,2.06,2.45,2.36,2.46,0.669307,0.035591000000000005,-0.051448,0.130227,0.071276,-0.077736,2016-04-11,-0.29000000000000004,-2.5200000000000005,False,,2016-04-27,False
101,AAPL,110.38,2016-05-20,0.10411,105.0,2016-04-04,2.03,2.07,2.06,2.01,2.2,2.02,0.699679,0.032116000000000006,-0.053795,0.12404200000000001,0.072719,-0.079996,2016-04-12,-0.13000000000000034,-2.650000000000001,False,,2016-04-27,False
102,AAPL,111.92,2016-05-20,0.10137,105.0,2016-04-04,2.03,2.07,2.06,1.6,2.0,1.62,0.7355729999999999,0.028,-0.056059000000000005,0.11712,0.074603,-0.08303300000000001,2016-04-13,0.06999999999999984,-2.580000000000001,False,,2016-04-27,False
103,AAPL,112.02,2016-05-20,0.09863,105.0,2016-04-04,2.03,2.07,2.06,1.48,1.65,1.49,0.754221,0.029493000000000002,-0.050959,0.108801,0.07498099999999999,-0.082913,2016-04-14,0.41999999999999993,-2.160000000000001,False,,2016-04-27,False
104,AAPL,109.82,2016-05-20,0.09589,105.0,2016-04-04,2.03,2.07,2.06,2.05,2.16,2.08,0.690756,0.034328,-0.057659,0.118315,0.06615499999999999,-0.07237,2016-04-15,-0.0900000000000003,-2.2500000000000013,False,,2016-04-27,False
105,AAPL,107.62,2016-05-20,0.08767,105.0,2016-04-04,2.03,2.07,2.06,2.75,2.79,2.79,0.611658,0.039858,-0.062251,0.120976,0.05313300000000001,-0.057408,2016-04-18,-0.7200000000000002,-2.9700000000000015,False,,2016-04-27,False
106,AAPL,106.84,2016-05-20,0.08492999999999999,105.0,2016-04-04,2.03,2.07,2.06,2.93,2.94,2.96,0.582018,0.042817,-0.061762,0.121251,0.048921,-0.052536,2016-04-19,-0.8700000000000001,-3.8400000000000016,False,,2016-04-27,False
107,AAPL,107.34,2016-05-20,0.08219,105.0,2016-04-04,2.03,2.07,2.06,2.47,2.43,2.5,0.608771,0.046103,-0.057588,0.117029,0.049967000000000004,-0.053426,2016-04-20,-0.3600000000000003,-4.200000000000002,False,,2016-04-27,False
108,AAPL,105.96,2016-05-20,0.07945,105.0,2016-04-04,2.03,2.07,2.06,3.1,2.95,3.15,0.5442600000000001,0.049227999999999994,-0.059047,0.118224,0.042893,-0.045576,2016-04-21,-0.8800000000000003,-5.080000000000002,False,,2016-04-27,False
109,AAPL,105.64,2016-05-20,0.07671,105.0,2016-04-04,2.03,2.07,2.06,3.05,3.07,3.1,0.52936,0.049861,-0.061034000000000005,0.11608399999999999,0.040218000000000004,-0.042672,2016-04-22,-1.0,-6.080000000000002,False,,2016-04-27,False
110,AAPL,104.91,2016-05-20,0.06849,105.0,2016-04-04,2.03,2.07,2.06,3.4,3.33,3.45,0.491854,0.051858,-0.06589099999999999,0.10955799999999999,0.033264,-0.035155,2016-04-25,-1.2600000000000002,-7.340000000000002,False,,2016-04-27,False
111,AAPL,104.18,2016-05-20,0.06575,105.0,2016-04-04,2.03,2.07,2.06,3.85,3.84,3.95,0.45656800000000003,0.049994,-0.069801,0.10613099999999999,0.029434,-0.031107999999999997,2016-04-26,-1.77,-9.110000000000001,False,,2016-04-27,False
164,AAPL,100.24,2016-07-15,0.13425,97.5,2016-05-27,1.78,1.79,1.79,1.78,1.79,1.79,0.661308,0.048186,-0.029830000000000002,0.13531600000000002,0.08277999999999999,-0.088996,2016-05-27,0.0,-9.110000000000001,False,,2016-06-27,False
165,AAPL,99.8,2016-07-15,0.12329000000000001,97.5,2016-05-27,1.78,1.79,1.79,1.78,1.8,1.8,0.645307,0.051976999999999995,-0.031077999999999998,0.129499,0.074239,-0.079404,2016-05-31,-0.010000000000000009,-9.120000000000001,False,,2016-06-27,False
166,AAPL,98.34,2016-07-15,0.12055,97.5,2016-05-27,1.78,1.79,1.79,2.33,2.33,2.34,0.567405,0.05665800000000001,-0.032398,0.133919,0.063338,-0.067268,2016-06-01,-0.54,-9.66,False,,2016-06-27,False
167,AAPL,97.61,2016-07-15,0.11780999999999998,97.5,2016-05-27,1.78,1.79,1.79,2.61,2.81,2.63,0.525517,0.054996,-0.034839999999999996,0.133395,0.0569,-0.06043099999999999,2016-06-02,-1.02,-10.68,False,,2016-06-27,False
168,AAPL,97.99,2016-07-15,0.11507,97.5,2016-05-27,1.78,1.79,1.79,2.33,2.33,2.34,0.5471239999999999,0.061006,-0.031658,0.13206099999999998,0.05837899999999999,-0.06169500000000001,2016-06-03,-0.54,-11.219999999999999,False,,2016-06-27,False
169,AAPL,98.77,2016-07-15,0.10685,97.5,2016-05-27,1.78,1.79,1.79,1.89,1.9,1.9,0.597708,0.061324000000000004,-0.03284,0.12375599999999999,0.059614,-0.063084,2016-06-06,-0.10999999999999988,-11.329999999999998,False,,2016-06-27,False
170,AAPL,98.98,2016-07-15,0.10411,97.5,2016-05-27,1.78,1.79,1.79,1.75,1.76,1.77,0.6111260000000001,0.062077,-0.032434,0.12230799999999999,0.059536,-0.062976,2016-06-07,0.030000000000000027,-11.299999999999999,False,,2016-06-27,False
171,AAPL,98.8,2016-07-15,0.10137,97.5,2016-05-27,1.78,1.79,1.79,1.71,1.71,1.72,0.604889,0.065611,-0.032074,0.12052,0.057451999999999996,-0.060586,2016-06-08,0.08000000000000007,-11.219999999999999,False,,2016-06-27,False
172,AAPL,99.68,2016-07-15,0.09863,97.5,2016-05-27,1.78,1.79,1.79,1.39,1.4,1.41,0.6593939999999999,0.061736,-0.031604,0.11581,0.061239,-0.064833,2016-06-09,0.3900000000000001,-10.829999999999998,False,,2016-06-27,False
173,AAPL,98.85,2016-07-15,0.09589,97.5,2016-05-27,1.78,1.79,1.79,1.85,1.86,1.86,0.6022270000000001,0.061360000000000005,-0.036153,0.117317,0.05394500000000001,-0.057088,2016-06-10,-0.07000000000000006,-10.899999999999999,False,,2016-06-27,False
174,AAPL,97.27,2016-07-15,0.08767,97.5,2016-05-27,1.78,1.79,1.79,2.55,2.56,2.57,0.501008,0.064802,-0.039397,0.11498599999999999,0.040643,-0.042730000000000004,2016-06-13,-0.77,-11.669999999999998,False,,2016-06-27,False
175,AAPL,97.43,2016-07-15,0.08492999999999999,97.5,2016-05-27,1.78,1.79,1.79,2.46,2.46,2.47,0.511993,0.065134,-0.040763,0.113232,0.040288,-0.042368,2016-06-14,-0.6699999999999999,-12.339999999999998,False,,2016-06-27,False
176,AAPL,97.12,2016-07-15,0.08219,97.5,2016-05-27,1.78,1.79,1.79,2.49,2.5,2.51,0.490313,0.06865800000000001,-0.039891,0.11128699999999998,0.037353,-0.039143,2016-06-15,-0.71,-13.049999999999997,False,,2016-06-27,False
177,AAPL,97.62,2016-07-15,0.07945,97.5,2016-05-27,1.78,1.79,1.79,2.19,2.2,2.21,0.523386,0.070053,-0.040186,0.109615,0.038721,-0.040598,2016-06-16,-0.41000000000000014,-13.459999999999997,False,,2016-06-27,False
178,AAPL,95.35,2016-07-15,0.07671,97.5,2016-05-27,1.78,1.79,1.79,3.45,3.39,3.5,0.360265,0.069614,-0.0368,0.100643,0.025368,-0.026354000000000002,2016-06-17,-1.6,-15.059999999999997,False,,2016-06-27,False
179,AAPL,95.12,2016-07-15,0.06849,97.5,2016-05-27,1.78,1.79,1.79,3.35,3.34,3.45,0.324979,0.074923,-0.035407999999999995,0.091389,0.020491,-0.021175,2016-06-20,-1.5499999999999998,-16.609999999999996,False,,2016-06-27,False
180,AAPL,95.99,2016-07-15,0.06575,97.5,2016-05-27,1.78,1.79,1.79,2.71,2.66,2.73,0.383537,0.08424,-0.037004,0.09349199999999999,0.023428,-0.02421,2016-06-21,-0.8700000000000001,-17.479999999999997,False,,2016-06-27,False
181,AAPL,95.54,2016-07-15,0.06301,97.5,2016-05-27,1.78,1.79,1.79,3.05,3.02,3.1,0.35259,0.07906,-0.038938,0.087826,0.020538999999999998,-0.021228999999999998,2016-06-22,-1.23,-18.709999999999997,False,,2016-06-27,False
182,AAPL,95.93,2016-07-15,0.060270000000000004,97.5,2016-05-27,1.78,1.79,1.79,2.6,2.48,2.63,0.35904899999999995,0.09454800000000001,-0.034578,0.08959400000000001,0.020191,-0.020763,2016-06-23,-0.69,-19.4,False,,2016-06-27,False
183,AAPL,93.67,2016-07-15,0.05753,97.5,2016-05-27,1.78,1.79,1.79,4.25,4.34,4.4,0.216273,0.064263,-0.032618,0.064532,0.011337999999999999,-0.011656999999999999,2016-06-24,-2.55,-21.95,False,,2016-06-27,False
185,AAPL,93.6,2016-07-15,0.04658,97.5,2016-05-27,1.78,1.79,1.79,4.05,4.16,4.25,0.15066300000000002,0.064961,-0.025125,0.047957,0.00644,-0.006569,2016-06-28,-2.37,-24.32,False,,2016-06-27,False
186,AAPL,94.43,2016-07-15,0.04384,97.5,2016-05-27,1.78,1.79,1.79,3.35,3.39,3.45,0.188065,0.081227,-0.028399,0.051487,0.0076370000000000006,-0.0077859999999999995,2016-06-29,-1.6,-25.92,False,,2016-06-27,False
187,AAPL,95.47,2016-07-15,0.0411,97.5,2016-05-27,1.78,1.79,1.79,2.45,2.47,2.48,0.25661300000000004,0.108492,-0.032389999999999995,0.06356,0.009883,-0.01007,2016-06-30,-0.6800000000000002,-26.6,False,,2016-06-27,False
188,AAPL,96.07,2016-07-15,0.038360000000000005,97.5,2016-05-27,1.78,1.79,1.79,1.94,1.95,1.95,0.304213,0.130025,-0.033948,0.065197,0.011013,-0.011212,2016-07-01,-0.15999999999999992,-26.76,False,,2016-06-27,False
189,AAPL,94.97,2016-07-15,0.0274,97.5,2016-05-27,1.78,1.79,1.79,2.74,2.76,2.78,0.17389200000000002,0.09866799999999999,-0.033821,0.040826,0.00446,-0.004526,2016-07-05,-0.9699999999999998,-27.73,False,,2016-06-27,False
190,AAPL,95.5,2016-07-15,0.024659999999999998,97.5,2016-05-27,1.78,1.79,1.79,2.26,2.27,2.28,0.211076,0.120249,-0.039227,0.04249,0.004901,-0.004972,2016-07-06,-0.48,-28.21,False,,2016-06-27,False
191,AAPL,95.9,2016-07-15,0.02192,97.5,2016-05-27,1.78,1.79,1.79,1.92,1.92,1.95,0.249629,0.13936700000000002,-0.046106,0.046592,0.005175,-0.005249,2016-07-07,-0.1299999999999999,-28.34,False,,2016-06-27,False
192,AAPL,96.68,2016-07-15,0.019180000000000003,97.5,2016-05-27,1.78,1.79,1.79,1.22,1.22,1.23,0.336821,0.195913,-0.049476,0.048701999999999995,0.006168,-0.006248,2016-07-08,0.5700000000000001,-27.77,False,,2016-06-27,False
193,AAPL,97.03,2016-07-15,0.01096,97.5,2016-05-27,1.78,1.79,1.79,0.95,0.96,0.96,0.39876100000000003,0.221877,-0.085082,0.039473,0.004189,-0.004243,2016-07-11,0.8300000000000001,-26.939999999999998,False,,2016-06-27,False
194,AAPL,97.38,2016-07-15,0.00822,97.5,2016-05-27,1.78,1.79,1.79,0.6,0.6,0.61,0.465567,0.29777800000000004,-0.089164,0.035256,0.003439,-0.0034729999999999995,2016-07-12,1.19,-25.749999999999996,False,,2016-06-27,False
195,AAPL,96.93,2016-07-15,0.00548,97.5,2016-05-27,1.78,1.79,1.79,0.83,0.83,0.85,0.32423,0.293747,-0.11083399999999999,0.026021,0.0017100000000000001,-0.0017239999999999998,2016-07-13,0.9600000000000001,-24.789999999999996,False,,2016-06-27,False
196,AAPL,98.93,2016-07-15,0.00274,97.5,2016-05-27,1.78,1.79,1.79,0.07,0.06,0.08,0.892877,0.160342,-0.103926,0.009439,0.001678,-0.001704,2016-07-14,1.73,-23.059999999999995,False,,2016-06-27,False
197,AAPL,98.71,2016-07-15,0.0,97.5,2016-05-27,1.78,1.79,1.79,0.01,0.0,0.01,1.0,0.0,-0.000721,0.0,7.000000000000001e-06,-8e-06,2016-07-15,1.79,-21.269999999999996,False,,2016-06-27,False
551,AAPL,155.48,2017-07-21,0.12055,150.0,2017-06-07,1.52,1.53,1.54,1.52,1.53,1.54,0.741866,0.034177,-0.039594,0.17869300000000002,0.13029200000000002,-0.139075,2017-06-07,0.0,-21.269999999999996,False,,2017-06-09,False
552,AAPL,155.0,2017-07-21,0.11780999999999998,150.0,2017-06-07,1.52,1.53,1.54,1.59,1.84,1.6,0.715705,0.034073,-0.044072,0.176958,0.122339,-0.130719,2017-06-08,-0.31000000000000005,-21.579999999999995,False,,2017-06-09,False
575,AAPL,146.04,2017-07-21,0.024659999999999998,150.0,2017-06-07,1.52,1.53,1.54,4.15,4.19,4.3,0.138854,0.062669,-0.044159,0.048559,0.004944,-0.005005,2017-07-12,-2.66,-24.239999999999995,False,,2017-06-09,False
576,AAPL,147.9,2017-07-21,0.02192,150.0,2017-06-07,1.52,1.53,1.54,2.74,2.76,2.76,0.29961,0.09246599999999999,-0.084177,0.076449,0.009569,-0.009724,2017-07-13,-1.2299999999999998,-25.469999999999995,False,,2017-06-09,False
577,AAPL,149.26,2017-07-21,0.019180000000000003,150.0,2017-06-07,1.52,1.53,1.54,1.68,1.72,1.69,0.422353,0.117427,-0.096539,0.08051599999999999,0.011911,-0.012107,2017-07-14,-0.18999999999999995,-25.659999999999997,False,,2017-06-09,False
578,AAPL,149.74,2017-07-21,0.01096,150.0,2017-06-07,1.52,1.53,1.54,1.33,1.34,1.35,0.475738,0.13056099999999998,-0.157744,0.062722,0.007703,-0.007826000000000001,2017-07-17,0.18999999999999995,-25.469999999999995,False,,2017-06-09,False
579,AAPL,149.93,2017-07-21,0.00822,150.0,2017-06-07,1.52,1.53,1.54,1.08,1.15,1.09,0.496918,0.14286400000000002,-0.19099000000000002,0.054331,0.006053,-0.006143,2017-07-18,0.3800000000000001,-25.089999999999996,False,,2017-06-09,False
580,AAPL,150.96,2017-07-21,0.00548,150.0,2017-06-07,1.52,1.53,1.54,0.33,0.34,0.34,0.705947,0.193142,-0.152583,0.038419999999999996,0.004932,-0.004987,2017-07-19,1.19,-23.899999999999995,False,,2017-06-09,False
581,AAPL,150.81,2017-07-21,0.00274,150.0,2017-06-07,1.52,1.53,1.54,0.21,0.21,0.22,0.7346729999999999,0.24886399999999997,-0.22466799999999998,0.025466,0.003036,-0.003065,2017-07-20,1.32,-22.579999999999995,False,,2017-06-09,False
582,AAPL,150.15,2017-07-21,0.0,150.0,2017-06-07,1.52,1.53,1.54,0.02,0.02,0.03,0.781505,1.529752,-2.9447970000000003,0.00234,2.9999999999999997e-05,-2.9999999999999997e-05,2017-07-21,1.51,-21.069999999999993,False,,2017-06-09,False
804,AAPL,175.01,2018-02-16,0.11507,170.0,2018-01-05,3.5,3.16,3.55,3.5,3.16,3.55,0.661,0.027578,-0.066902,0.21621300000000002,0.123708,-0.13263599999999998,2018-01-05,0.0,-21.069999999999993,False,,2018-02-02,False
805,AAPL,174.3,2018-02-16,0.10685,170.0,2018-01-05,3.5,3.16,3.55,3.6,3.62,3.65,0.637837,0.027132999999999997,-0.07646499999999999,0.21472199999999997,0.110273,-0.11836600000000001,2018-01-08,-0.45999999999999996,-21.529999999999994,False,,2018-02-02,False
806,AAPL,174.45,2018-02-16,0.10411,170.0,2018-01-05,3.5,3.16,3.55,3.4,3.18,3.5,0.649112,0.029061,-0.071987,0.205591,0.109954,-0.117467,2018-01-09,-0.020000000000000018,-21.549999999999994,False,,2018-02-02,False
807,AAPL,174.11,2018-02-16,0.10137,170.0,2018-01-05,3.5,3.16,3.55,3.5,4.18,3.6,0.623476,0.025240000000000002,-0.08678200000000001,0.20975,0.101637,-0.10964700000000001,2018-01-10,-1.0199999999999996,-22.569999999999993,False,,2018-02-02,False
808,AAPL,175.23,2018-02-16,0.09863,170.0,2018-01-05,3.5,3.16,3.55,2.93,2.72,2.97,0.676816,0.029334,-0.071064,0.199935,0.109153,-0.116559,2018-01-11,0.43999999999999995,-22.129999999999992,False,,2018-02-02,False
809,AAPL,176.84,2018-02-16,0.09589,170.0,2018-01-05,3.5,3.16,3.55,2.53,3.19,2.56,0.6907,0.023265,-0.087615,0.190404,0.10748900000000002,-0.11671199999999998,2018-01-12,-0.029999999999999805,-22.159999999999993,False,,2018-02-02,False
810,AAPL,176.45,2018-02-16,0.08492999999999999,170.0,2018-01-05,3.5,3.16,3.55,2.8,2.84,2.83,0.693588,0.025566,-0.088942,0.17908,0.096085,-0.103577,2018-01-16,0.3200000000000003,-21.839999999999993,False,,2018-02-02,False
811,AAPL,179.06,2018-02-16,0.08219,170.0,2018-01-05,3.5,3.16,3.55,2.28,2.2,2.3,0.7527149999999999,0.022223,-0.08784299999999999,0.158021,0.10153,-0.11039500000000001,2018-01-17,0.96,-20.879999999999992,False,,2018-02-02,False
812,AAPL,179.23,2018-02-16,0.07945,170.0,2018-01-05,3.5,3.16,3.55,2.14,2.7,2.18,0.7354539999999999,0.020617,-0.10166,0.165883,0.09527999999999999,-0.104368,2018-01-18,0.45999999999999996,-20.41999999999999,False,,2018-02-02,False
813,AAPL,178.26,2018-02-16,0.07671,170.0,2018-01-05,3.5,3.16,3.55,2.11,2.15,2.14,0.7448899999999999,0.024059,-0.089786,0.16173099999999999,0.09388300000000001,-0.101508,2018-01-19,1.0100000000000002,-19.40999999999999,False,,2018-02-02,False
814,AAPL,177.0,2018-02-16,0.06849,170.0,2018-01-05,3.5,3.16,3.55,2.29,2.23,2.32,0.72128,0.027139,-0.09335800000000001,0.153525,0.081248,-0.087166,2018-01-22,0.9300000000000002,-18.47999999999999,False,,2018-02-02,False
815,AAPL,176.98,2018-02-16,0.06575,170.0,2018-01-05,3.5,3.16,3.55,2.24,2.16,2.27,0.7265199999999999,0.027187,-0.099758,0.14926099999999998,0.078541,-0.084248,2018-01-23,1.0,-17.47999999999999,False,,2018-02-02,False
816,AAPL,174.22,2018-02-16,0.06301,170.0,2018-01-05,3.5,3.16,3.55,3.2,3.11,3.3,0.645551,0.030261,-0.11451300000000002,0.164748,0.066238,-0.07062,2018-01-24,0.050000000000000266,-17.42999999999999,False,,2018-02-02,False
817,AAPL,171.24,2018-02-16,0.060270000000000004,170.0,2018-01-05,3.5,3.16,3.55,4.55,4.47,4.65,0.5490470000000001,0.031908,-0.123543,0.16643,0.053266999999999995,-0.056464,2018-01-25,-1.3099999999999996,-18.739999999999988,False,,2018-02-02,False
818,AAPL,171.31,2018-02-16,0.05753,170.0,2018-01-05,3.5,3.16,3.55,4.45,4.33,4.55,0.551266,0.032572000000000004,-0.126547,0.162604,0.051126,-0.054138,2018-01-26,-1.17,-19.90999999999999,False,,2018-02-02,False
819,AAPL,168.24,2018-02-16,0.049319999999999996,170.0,2018-01-05,3.5,3.16,3.55,6.7,6.72,6.8,0.46158999999999994,0.028321,-0.166242,0.148759,0.035901999999999996,-0.038156,2018-01-29,-3.5599999999999996,-23.469999999999988,False,,2018-02-02,False
820,AAPL,166.95,2018-02-16,0.04658,170.0,2018-01-05,3.5,3.16,3.55,7.25,7.33,7.4,0.422806,0.028738999999999997,-0.16784100000000002,0.141601,0.030938,-0.032755,2018-01-30,-4.17,-27.639999999999986,False,,2018-02-02,False
821,AAPL,167.18,2018-02-16,0.04384,170.0,2018-01-05,3.5,3.16,3.55,7.1,6.92,7.2,0.42149200000000003,0.030436,-0.16747599999999999,0.13741099999999998,0.029164,-0.030774,2018-01-31,-3.76,-31.399999999999984,False,,2018-02-02,False
822,AAPL,167.78,2018-02-16,0.0411,170.0,2018-01-05,3.5,3.16,3.55,6.15,6.26,6.35,0.43198400000000003,0.032654,-0.167743,0.133132,0.028204000000000003,-0.029677,2018-02-01,-3.0999999999999996,-34.499999999999986,False,,2018-02-02,False
825,AAPL,162.77,2018-02-16,0.0274,170.0,2018-01-05,3.5,3.16,3.55,8.3,8.41,8.65,0.167078,0.032925,-0.098189,0.064709,0.007248999999999999,-0.007423000000000001,2018-02-06,-5.25,-39.749999999999986,False,,2018-02-02,False
829,AAPL,162.66,2018-02-16,0.01096,170.0,2018-01-05,3.5,3.16,3.55,7.35,7.5,7.6,0.086859,0.030585,-0.104067,0.028533999999999997,0.001526,-0.001549,2018-02-12,-4.34,-44.08999999999999,False,,2018-02-02,False
830,AAPL,164.4,2018-02-16,0.00822,170.0,2018-01-05,3.5,3.16,3.55,5.65,5.71,5.8,0.082035,0.038992,-0.100094,0.02168,0.001097,-0.001109,2018-02-13,-2.55,-46.639999999999986,False,,2018-02-02,False
831,AAPL,167.39,2018-02-16,0.00548,170.0,2018-01-05,3.5,3.16,3.55,2.89,2.94,2.97,0.20580500000000002,0.09265,-0.22344299999999997,0.035151999999999996,0.0018690000000000002,-0.001889,2018-02-14,0.2200000000000002,-46.41999999999999,False,,2018-02-02,False
832,AAPL,172.72,2018-02-16,0.00274,170.0,2018-01-05,3.5,3.16,3.55,0.22,0.32,0.23,0.814724,0.088283,-0.39062800000000003,0.024988999999999997,0.002774,-0.002827,2018-02-15,2.8400000000000003,-43.579999999999984,False,,2018-02-02,False
833,AAPL,172.6,2018-02-16,0.0,170.0,2018-01-05,3.5,3.16,3.55,0.01,0.0,0.01,1.0,0.0,-0.05934299999999999,0.0,6e-06,-7.000000000000001e-06,2018-02-16,3.16,-40.41999999999999,False,,2018-02-02,False
1092,AAPL,227.72,2018-11-16,0.11780999999999998,215.0,2018-10-04,3.95,4.01,4.0,3.95,4.01,4.0,0.73326,0.0142,-0.10363900000000001,0.254652,0.17674600000000001,-0.196142,2018-10-04,0.0,-40.41999999999999,False,,2018-10-29,False
1093,AAPL,224.42,2018-11-16,0.11507,215.0,2018-10-04,3.95,4.01,4.0,5.05,4.94,5.15,0.684661,0.015694,-0.110019,0.274942,0.16006700000000001,-0.176284,2018-10-05,-0.9300000000000006,-41.34999999999999,False,,2018-10-29,False
1094,AAPL,224.53,2018-11-16,0.10685,215.0,2018-10-04,3.95,4.01,4.0,4.7,4.64,4.75,0.691248,0.016055,-0.11491099999999999,0.254229,0.15048599999999998,-0.165352,2018-10-08,-0.6299999999999999,-41.97999999999999,False,,2018-10-29,False
1095,AAPL,226.91,2018-11-16,0.10411,215.0,2018-10-04,3.95,4.01,4.0,3.9,3.88,3.95,0.729536,0.015049000000000002,-0.112907,0.238826,0.15567999999999999,-0.171846,2018-10-09,0.1299999999999999,-41.84999999999999,False,,2018-10-29,False
1096,AAPL,218.9,2018-11-16,0.10137,215.0,2018-10-04,3.95,4.01,4.0,7.5,7.61,7.7,0.588463,0.016382,-0.1379,0.270767,0.11879,-0.130189,2018-10-10,-3.6000000000000005,-45.44999999999999,False,,2018-10-29,False
1097,AAPL,215.89,2018-11-16,0.09863,215.0,2018-10-04,3.95,4.01,4.0,9.2,9.13,9.35,0.538441,0.016612000000000002,-0.144202,0.26908000000000004,0.104676,-0.11430499999999999,2018-10-11,-5.120000000000001,-50.56999999999999,False,,2018-10-29,False
1098,AAPL,220.99,2018-11-16,0.09589,215.0,2018-10-04,3.95,4.01,4.0,6.15,6.07,6.25,0.628146,0.017137,-0.133347,0.258398,0.121456,-0.132715,2018-10-12,-2.0600000000000005,-52.629999999999995,False,,2018-10-29,False
1099,AAPL,218.49,2018-11-16,0.08767,215.0,2018-10-04,3.95,4.01,4.0,6.9,6.86,7.0,0.585068,0.018317,-0.143555,0.251652,0.10294600000000001,-0.111739,2018-10-15,-2.8500000000000005,-55.48,False,,2018-10-29,False
1100,AAPL,222.46,2018-11-16,0.08492999999999999,215.0,2018-10-04,3.95,4.01,4.0,5.0,4.64,5.05,0.666321,0.018377,-0.132971,0.23558400000000002,0.115525,-0.125532,2018-10-16,-0.6299999999999999,-56.11,False,,2018-10-29,False
1101,AAPL,221.07,2018-11-16,0.08219,215.0,2018-10-04,3.95,4.01,4.0,5.35,5.31,5.4,0.637084,0.018643,-0.141407,0.239051,0.10635399999999999,-0.115426,2018-10-17,-1.2999999999999998,-57.41,False,,2018-10-29,False
1102,AAPL,216.14,2018-11-16,0.07945,215.0,2018-10-04,3.95,4.01,4.0,7.9,7.91,7.95,0.539513,0.018912,-0.156007,0.241729,0.085496,-0.092377,2018-10-18,-3.9000000000000004,-61.309999999999995,False,,2018-10-29,False
1103,AAPL,219.74,2018-11-16,0.07671,215.0,2018-10-04,3.95,4.01,4.0,6.1,5.76,6.15,0.610993,0.019413,-0.149417,0.23110300000000003,0.09498,-0.102698,2018-10-19,-1.75,-63.059999999999995,False,,2018-10-29,False
1104,AAPL,221.78,2018-11-16,0.06849,215.0,2018-10-04,3.95,4.01,4.0,5.0,4.9,5.1,0.651304,0.018801,-0.162606,0.212117,0.09095299999999999,-0.09866,2018-10-22,-0.8900000000000006,-63.949999999999996,False,,2018-10-29,False
1105,AAPL,223.18,2018-11-16,0.06575,215.0,2018-10-04,3.95,4.01,4.0,4.8,4.8,4.9,0.669659,0.017437,-0.173125,0.20851999999999998,0.089781,-0.09800199999999999,2018-10-23,-0.79,-64.74,False,,2018-10-29,False
1106,AAPL,218.66,2018-11-16,0.06301,215.0,2018-10-04,3.95,4.01,4.0,6.95,6.71,7.05,0.585599,0.018637,-0.191801,0.2138,0.074271,-0.080525,2018-10-24,-2.7,-67.44,False,,2018-10-29,False
1107,AAPL,221.21,2018-11-16,0.060270000000000004,215.0,2018-10-04,3.95,4.01,4.0,5.6,5.52,5.7,0.6328239999999999,0.018315,-0.190151,0.20566399999999999,0.077408,-0.08414500000000001,2018-10-25,-1.5099999999999998,-68.95,False,,2018-10-29,False
1108,AAPL,215.88,2018-11-16,0.05753,215.0,2018-10-04,3.95,4.01,4.0,8.25,8.16,8.4,0.532048,0.018812,-0.213838,0.205713,0.060974,-0.065899,2018-10-26,-4.15,-73.10000000000001,False,,2018-10-29,False
1110,AAPL,213.11,2018-11-16,0.04658,215.0,2018-10-04,3.95,4.01,4.0,9.4,9.44,9.75,0.477054,0.019411,-0.25308600000000003,0.182598,0.043941,-0.047224,2018-10-30,-5.43,-78.53,False,,2018-10-29,False
1111,AAPL,219.82,2018-11-16,0.04384,215.0,2018-10-04,3.95,4.01,4.0,5.85,5.8,5.95,0.608667,0.019424,-0.254954,0.175103,0.054075,-0.058502,2018-10-31,-1.79,-80.32000000000001,False,,2018-10-29,False
1112,AAPL,221.35,2018-11-16,0.0411,215.0,2018-10-04,3.95,4.01,4.0,5.1,5.07,5.25,0.638602,0.019292,-0.258556,0.17006,0.053498000000000004,-0.057948,2018-11-01,-1.0600000000000005,-81.38000000000001,False,,2018-10-29,False
1113,AAPL,205.63,2018-11-16,0.038360000000000005,215.0,2018-10-04,3.95,4.01,4.0,11.4,11.54,11.6,0.234537,0.024284,-0.14421199999999998,0.126503,0.017828,-0.018449,2018-11-02,-7.529999999999999,-88.91000000000001,False,,2018-10-29,False
1116,AAPL,208.9,2018-11-16,0.024659999999999998,215.0,2018-10-04,3.95,4.01,4.0,7.5,7.61,7.65,0.210256,0.036451,-0.131605,0.094532,0.010582,-0.010806999999999999,2018-11-07,-3.6000000000000005,-92.51,False,,2018-10-29,False
1117,AAPL,207.99,2018-11-16,0.02192,215.0,2018-10-04,3.95,4.01,4.0,7.55,7.62,7.7,0.179204,0.036141,-0.121252,0.08099400000000001,0.008029000000000001,-0.008182,2018-11-08,-3.6100000000000003,-96.12,False,,2018-10-29,False
1118,AAPL,204.42,2018-11-16,0.019180000000000003,215.0,2018-10-04,3.95,4.01,4.0,10.7,10.78,10.95,0.08182400000000001,0.02087,-0.079624,0.041510000000000005,0.0031620000000000003,-0.003214,2018-11-09,-6.77,-102.89,False,,2018-10-29,False
1124,AAPL,207.99,2018-12-21,0.11780999999999998,200.0,2018-11-08,3.65,3.48,3.75,3.65,3.48,3.75,0.705476,0.019475,-0.081889,0.247625,0.158638,-0.172913,2018-11-08,0.0,-102.89,False,,2018-11-13,False
1125,AAPL,204.42,2018-12-21,0.11507,200.0,2018-11-08,3.65,3.48,3.75,4.9,4.95,5.0,0.628161,0.020844,-0.09160399999999999,0.262356,0.136286,-0.147802,2018-11-09,-1.4700000000000002,-104.36,False,,2018-11-13,False
1126,AAPL,194.41,2018-12-21,0.10685,200.0,2018-11-08,3.65,3.48,3.75,10.25,10.3,10.4,0.415405,0.021049000000000002,-0.099991,0.25138299999999997,0.08064,-0.08631799999999999,2018-11-12,-6.82,-111.18,False,,2018-11-13,False
1130,AAPL,194.13,2018-12-21,0.09589,200.0,2018-11-08,3.65,3.48,3.75,9.9,9.9,10.0,0.394117,0.022849,-0.098648,0.231146,0.069076,-0.073392,2018-11-16,-6.42,-117.60000000000001,False,,2018-11-13,False
1153,AAPL,170.63,2019-01-18,0.11507,160.0,2018-12-07,3.45,3.46,3.6,3.45,3.46,3.6,0.7373460000000001,0.016146999999999998,-0.089225,0.188736,0.128414,-0.145422,2018-12-07,0.0,-117.60000000000001,False,,2018-12-21,False
1154,AAPL,169.22,2019-01-18,0.10685,160.0,2018-12-07,3.45,3.46,3.6,3.65,3.64,3.7,0.7180310000000001,0.01745,-0.094537,0.190614,0.11551600000000001,-0.129855,2018-12-10,-0.18000000000000016,-117.78000000000002,False,,2018-12-21,False
1155,AAPL,169.01,2019-01-18,0.10411,160.0,2018-12-07,3.45,3.46,3.6,3.55,3.51,3.65,0.718406,0.017995,-0.093717,0.188153,0.112848,-0.126435,2018-12-11,-0.04999999999999982,-117.83000000000001,False,,2018-12-21,False
1156,AAPL,169.79,2019-01-18,0.10137,160.0,2018-12-07,3.45,3.46,3.6,2.97,2.86,2.99,0.744757,0.018340000000000002,-0.086897,0.17644400000000002,0.114854,-0.12821300000000002,2018-12-12,0.6000000000000001,-117.23000000000002,False,,2018-12-21,False
1157,AAPL,165.47,2019-01-18,0.09589,160.0,2018-12-07,3.45,3.46,3.6,4.3,4.25,4.35,0.656474,0.021277,-0.100379,0.186971,0.09440499999999999,-0.10418699999999999,2018-12-14,-0.79,-118.02000000000002,False,,2018-12-21,False
1158,AAPL,162.86,2019-01-18,0.08767,160.0,2018-12-07,3.45,3.46,3.6,5.45,5.26,5.5,0.5996020000000001,0.022531,-0.113729,0.187141,0.078062,-0.085634,2018-12-17,-1.7999999999999998,-119.82000000000002,False,,2018-12-21,False
1159,AAPL,166.39,2019-01-18,0.08492999999999999,160.0,2018-12-07,3.45,3.46,3.6,3.9,3.83,4.0,0.677596,0.021006,-0.109503,0.176205,0.086701,-0.095782,2018-12-18,-0.3700000000000001,-120.19000000000003,False,,2018-12-21,False
1160,AAPL,160.57,2019-01-18,0.08219,160.0,2018-12-07,3.45,3.46,3.6,5.95,6.02,6.1,0.544532,0.024446000000000002,-0.11508,0.18263900000000002,0.066139,-0.071885,2018-12-19,-2.5599999999999996,-122.75000000000003,False,,2018-12-21,False
1161,AAPL,156.75,2019-01-18,0.07945,160.0,2018-12-07,3.45,3.46,3.6,8.15,8.12,8.3,0.451903,0.024380000000000002,-0.117749,0.17668699999999998,0.052128,-0.056297,2018-12-20,-4.659999999999999,-127.41000000000003,False,,2018-12-21,False
1164,AAPL,155.27,2019-01-18,0.06301,160.0,2018-12-07,3.45,3.46,3.6,8.45,8.51,8.6,0.40384000000000003,0.026117,-0.13123800000000002,0.149402,0.036953,-0.039527,2018-12-26,-5.05,-132.46000000000004,False,,2018-12-21,False
1165,AAPL,155.64,2019-01-18,0.060270000000000004,160.0,2018-12-07,3.45,3.46,3.6,8.25,8.29,8.35,0.41285200000000005,0.026223000000000003,-0.13792100000000002,0.1506,0.036202,-0.038747000000000004,2018-12-27,-4.829999999999999,-137.29000000000005,False,,2018-12-21,False
1166,AAPL,156.21,2019-01-18,0.05753,160.0,2018-12-07,3.45,3.46,3.6,7.6,7.59,7.7,0.41864799999999996,0.028099000000000002,-0.13508399999999998,0.147317,0.035314,-0.037643,2018-12-28,-4.13,-141.42000000000004,False,,2018-12-21,False
1167,AAPL,157.35,2019-01-18,0.049319999999999996,160.0,2018-12-07,3.45,3.46,3.6,6.4,6.44,6.5,0.442251,0.031044,-0.146652,0.136799,0.032348,-0.034336,2018-12-31,-2.9800000000000004,-144.40000000000003,False,,2018-12-21,False
1168,AAPL,157.07,2019-01-18,0.04384,160.0,2018-12-07,3.45,3.46,3.6,6.05,6.02,6.15,0.420109,0.034924000000000004,-0.14363299999999998,0.129065,0.027492000000000003,-0.028943,2019-01-02,-2.5599999999999996,-146.96000000000004,False,,2018-12-21,False
1172,AAPL,150.6,2019-01-18,0.0274,160.0,2018-12-07,3.45,3.46,3.6,9.65,9.75,9.85,0.127387,0.027188,-0.082642,0.054604999999999994,0.00513,-0.005261,2019-01-08,-6.29,-153.25000000000003,False,,2018-12-21,False
1173,AAPL,153.49,2019-01-18,0.024659999999999998,160.0,2018-12-07,3.45,3.46,3.6,7.15,7.19,7.25,0.203596,0.038939,-0.11863499999999999,0.07001900000000001,0.0075120000000000004,-0.007714,2019-01-09,-3.7300000000000004,-156.98000000000002,False,,2018-12-21,False
1174,AAPL,153.83,2019-01-18,0.02192,160.0,2018-12-07,3.45,3.46,3.6,6.65,6.7,6.75,0.18104,0.041379,-0.10758800000000002,0.06018099999999999,0.0059759999999999995,-0.006111,2019-01-10,-3.24,-160.22000000000003,False,,2018-12-21,False
1175,AAPL,152.4,2019-01-18,0.019180000000000003,160.0,2018-12-07,3.45,3.46,3.6,7.7,7.75,7.85,0.090288,0.0302,-0.064185,0.035799,0.0026,-0.002643,2019-01-11,-4.29,-164.51000000000002,False,,2018-12-21,False
1176,AAPL,149.78,2019-01-18,0.01096,160.0,2018-12-07,3.45,3.46,3.6,10.15,10.22,10.3,0.01756,0.009359000000000001,-0.025454,0.0067209999999999995,0.000286,-0.00028900000000000003,2019-01-14,-6.760000000000001,-171.27,False,,2018-12-21,False
1177,AAPL,153.12,2019-01-18,0.00822,160.0,2018-12-07,3.45,3.46,3.6,6.85,6.9,7.0,0.03508,0.021112,-0.04799,0.010618,0.000439,-0.000443,2019-01-15,-3.4400000000000004,-174.71,False,,2018-12-21,False
1178,AAPL,154.67,2019-01-18,0.00548,160.0,2018-12-07,3.45,3.46,3.6,5.3,5.39,5.45,0.06122999999999999,0.036201,-0.102351,0.014377000000000001,0.000517,-0.000521,2019-01-16,-1.9299999999999997,-176.64000000000001,False,,2018-12-21,False
1179,AAPL,155.43,2019-01-18,0.00274,160.0,2018-12-07,3.45,3.46,3.6,4.55,4.59,4.75,0.036254,0.031942,-0.099258,0.006108,0.000155,-0.000156,2019-01-17,-1.13,-177.77,False,,2018-12-21,False
1180,AAPL,156.31,2019-01-18,0.0,160.0,2018-12-07,3.45,3.46,3.6,3.65,3.69,3.8,0.0,0.0,0.0,0.0,0.0,0.0,2019-01-18,-0.22999999999999998,-178.0,False,,2018-12-21,False
1314,AAPL,204.14,2019-06-21,0.12055,195.0,2019-05-08,3.5,3.43,3.6,3.5,3.43,3.6,0.711829,0.019039,-0.08052899999999999,0.24436300000000002,0.159564,-0.174549,2019-05-08,0.0,-178.0,False,,2019-05-13,False
1315,AAPL,200.39,2019-06-21,0.11780999999999998,195.0,2019-05-08,3.5,3.43,3.6,5.0,4.93,5.1,0.630761,0.020706,-0.08856499999999999,0.259317,0.136476,-0.148369,2019-05-09,-1.4999999999999996,-179.5,False,,2019-05-13,False
1316,AAPL,197.02,2019-06-21,0.11507,195.0,2019-05-08,3.5,3.43,3.6,5.35,5.41,5.45,0.579289,0.023566,-0.085566,0.26071300000000003,0.12215799999999999,-0.13136,2019-05-10,-1.98,-181.48,False,,2019-05-13,False
1318,AAPL,188.9,2019-06-21,0.10411,195.0,2019-05-08,3.5,3.43,3.6,9.55,9.58,9.65,0.380499,0.024278,-0.08459,0.235287,0.070689,-0.074849,2019-05-14,-6.15,-187.63,False,,2019-05-13,False
1319,AAPL,191.35,2019-06-21,0.10137,195.0,2019-05-08,3.5,3.43,3.6,7.5,7.6,7.6,0.431972,0.027032999999999998,-0.084024,0.239767,0.079286,-0.083812,2019-05-15,-4.17,-191.79999999999998,False,,2019-05-13,False
1320,AAPL,190.01,2019-06-21,0.09863,195.0,2019-05-08,3.5,3.43,3.6,8.4,8.45,8.5,0.395769,0.0265,-0.08369,0.22934899999999997,0.070313,-0.07418999999999999,2019-05-16,-5.02,-196.82,False,,2019-05-13,False
1321,AAPL,189.0,2019-06-21,0.09589,195.0,2019-05-08,3.5,3.43,3.6,9.4,9.43,9.5,0.37650300000000003,0.024806,-0.08831,0.225476,0.064567,-0.068254,2019-05-17,-6.0,-202.82,False,,2019-05-13,False
1323,AAPL,187.04,2019-06-21,0.08492999999999999,195.0,2019-05-08,3.5,3.43,3.6,10.25,10.26,10.35,0.310834,0.025490000000000002,-0.083518,0.194196,0.047117,-0.049393,2019-05-21,-6.83,-209.65,False,,2019-05-13,False
1335,AAPL,190.01,2019-06-21,0.038360000000000005,195.0,2019-05-08,3.5,3.43,3.6,6.8,6.89,6.9,0.326328,0.036351999999999995,-0.13305699999999998,0.137377,0.023004,-0.023799,2019-06-07,-3.4599999999999995,-213.11,False,,2019-05-13,False
1336,AAPL,192.85,2019-06-21,0.030139999999999997,195.0,2019-05-08,3.5,3.43,3.6,4.8,4.83,4.9,0.426623,0.042082,-0.17413299999999998,0.130879,0.023956,-0.024817,2019-06-10,-1.4,-214.51000000000002,False,,2019-05-13,False
1337,AAPL,194.91,2019-06-21,0.0274,195.0,2019-05-08,3.5,3.43,3.6,3.6,3.62,3.65,0.512019,0.043867,-0.19021300000000002,0.128716,0.026361000000000002,-0.027368,2019-06-11,-0.18999999999999995,-214.70000000000002,False,,2019-05-13,False
1338,AAPL,194.11,2019-06-21,0.024659999999999998,195.0,2019-05-08,3.5,3.43,3.6,3.7,3.75,3.8,0.474371,0.047566000000000004,-0.195186,0.12088900000000001,0.021985,-0.022729,2019-06-12,-0.31999999999999984,-215.02,False,,2019-05-13,False
1339,AAPL,194.15,2019-06-21,0.02192,195.0,2019-05-08,3.5,3.43,3.6,3.35,3.31,3.4,0.468062,0.05466,-0.189335,0.11400899999999999,0.019377000000000002,-0.019941999999999998,2019-06-13,0.1200000000000001,-214.9,False,,2019-05-13,False
1340,AAPL,193.19,2019-06-21,0.019180000000000003,195.0,2019-05-08,3.5,3.43,3.6,3.55,3.68,3.6,0.408481,0.05715599999999999,-0.195614,0.104522,0.014777,-0.015155000000000002,2019-06-14,-0.25,-215.15,False,,2019-05-13,False
1341,AAPL,193.96,2019-06-21,0.01096,195.0,2019-05-08,3.5,3.43,3.6,2.58,2.6,2.61,0.432209,0.07611799999999999,-0.26459099999999997,0.080674,0.00903,-0.009209,2019-06-17,0.8300000000000001,-214.32,False,,2019-05-13,False
1342,AAPL,198.39,2019-06-21,0.00822,195.0,2019-05-08,3.5,3.43,3.6,0.76,0.99,0.77,0.728907,0.056659,-0.340457,0.060954999999999995,0.011557,-0.011923999999999999,2019-06-18,2.4400000000000004,-211.88,False,,2019-05-13,False
1343,AAPL,198.69,2019-06-21,0.00548,195.0,2019-05-08,3.5,3.43,3.6,0.33,0.42,0.34,0.819194,0.0629,-0.298243,0.040258999999999996,0.008733,-0.008962000000000001,2019-06-19,3.0100000000000002,-208.87,False,,2019-05-13,False
1344,AAPL,199.6,2019-06-21,0.00274,195.0,2019-05-08,3.5,3.43,3.6,0.1,0.17,0.11,0.901401,0.047687,-0.326529,0.018965,0.004845,-0.0049770000000000005,2019-06-20,3.2600000000000002,-205.61,False,,2019-05-13,False
1345,AAPL,199.88,2019-06-21,0.0,195.0,2019-05-08,3.5,3.43,3.6,0.0,0.0,0.01,1.0,0.0,-0.106831,0.0,0.000267,-0.00027400000000000005,2019-06-21,3.43,-202.18,False,,2019-05-13,False
1607,AAPL,309.49,2020-03-20,0.13425,290.0,2020-01-31,6.05,6.19,6.25,6.05,6.19,6.25,0.732086,0.009154,-0.12186,0.374444,0.261594,-0.29380500000000004,2020-01-31,0.0,-202.18,False,,2020-02-27,False
1608,AAPL,308.17,2020-03-20,0.12603,290.0,2020-01-31,6.05,6.19,6.25,5.3,5.44,5.5,0.735618,0.010138,-0.114304,0.36307399999999995,0.21874899999999997,-0.241686,2020-02-03,0.75,-201.43,False,,2020-02-27,False
1609,AAPL,317.79,2020-03-20,0.12329000000000001,290.0,2020-01-31,6.05,6.19,6.25,2.74,2.51,2.88,0.844932,0.007951999999999999,-0.078328,0.270368,0.233404,-0.25960300000000003,2020-02-04,3.6800000000000006,-197.75,False,,2020-02-27,False
1610,AAPL,321.5,2020-03-20,0.12055,290.0,2020-01-31,6.05,6.19,6.25,2.4,2.44,2.42,0.858893,0.007016,-0.078394,0.243644,0.21275500000000003,-0.238335,2020-02-05,3.7500000000000004,-194.0,False,,2020-02-27,False
1611,AAPL,324.71,2020-03-20,0.11780999999999998,290.0,2020-01-31,6.05,6.19,6.25,1.78,2.01,1.81,0.8802620000000001,0.006225,-0.071702,0.21644000000000002,0.20592199999999997,-0.231777,2020-02-06,4.180000000000001,-189.82,False,,2020-02-27,False
1612,AAPL,319.62,2020-03-20,0.11507,290.0,2020-01-31,6.05,6.19,6.25,2.65,2.44,2.67,0.8559479999999999,0.007241,-0.09837699999999999,0.256683,0.276948,-0.31456300000000004,2020-02-07,3.7500000000000004,-186.07,False,,2020-02-27,False
1613,AAPL,320.81,2020-03-20,0.10685,290.0,2020-01-31,6.05,6.19,6.25,2.32,2.35,2.34,0.861509,0.006973999999999999,-0.100961,0.22568200000000002,0.25914899999999996,-0.295069,2020-02-10,3.8400000000000003,-182.23,False,,2020-02-27,False
1614,AAPL,319.16,2020-03-20,0.10411,290.0,2020-01-31,6.05,6.19,6.25,2.52,2.22,2.57,0.861078,0.007404000000000001,-0.098256,0.222146,0.252743,-0.285875,2020-02-11,3.97,-178.26,False,,2020-02-27,False
1615,AAPL,325.96,2020-03-20,0.10137,290.0,2020-01-31,6.05,6.19,6.25,1.48,1.04,1.5,0.921723,0.005203,-0.067216,0.153526,0.266358,-0.304297,2020-02-12,5.15,-173.10999999999999,False,,2020-02-27,False
1616,AAPL,324.49,2020-03-20,0.09863,290.0,2020-01-31,6.05,6.19,6.25,1.56,2.03,1.57,0.8803979999999999,0.006089,-0.102401,0.195403,0.24508400000000002,-0.281517,2020-02-13,4.16,-168.95,False,,2020-02-27,False
1617,AAPL,324.37,2020-03-20,0.09589,290.0,2020-01-31,6.05,6.19,6.25,1.35,0.92,1.37,0.925069,0.005378,-0.064915,0.148883,0.253243,-0.287471,2020-02-14,5.2700000000000005,-163.67999999999998,False,,2020-02-27,False
1618,AAPL,319.16,2020-03-20,0.08492999999999999,290.0,2020-01-31,6.05,6.19,6.25,1.61,1.36,1.63,0.894149,0.007137999999999999,-0.087199,0.179444,0.215906,-0.242125,2020-02-18,4.83,-158.84999999999997,False,,2020-02-27,False
1619,AAPL,323.24,2020-03-20,0.08219,290.0,2020-01-31,6.05,6.19,6.25,1.12,1.71,1.13,0.8887799999999999,0.006272,-0.10696300000000002,0.178278,0.20687600000000003,-0.23587600000000003,2020-02-19,4.48,-154.36999999999998,False,,2020-02-27,False
1620,AAPL,320.51,2020-03-20,0.07945,290.0,2020-01-31,6.05,6.19,6.25,1.5,2.04,1.52,0.870605,0.0070420000000000005,-0.120342,0.195166,0.19534,-0.22145700000000001,2020-02-20,4.15,-150.21999999999997,False,,2020-02-27,False
1621,AAPL,312.2,2020-03-20,0.07671,290.0,2020-01-31,6.05,6.19,6.25,2.94,2.85,2.95,0.81699,0.009755,-0.140448,0.229053,0.175963,-0.195442,2020-02-21,3.3400000000000003,-146.87999999999997,False,,2020-02-27,False
1622,AAPL,300.6,2020-03-20,0.06849,290.0,2020-01-31,6.05,6.19,6.25,6.65,6.79,6.75,0.667604,0.012472,-0.22431900000000002,0.28803,0.125099,-0.137278,2020-02-24,-0.5999999999999996,-147.47999999999996,False,,2020-02-27,False
1623,AAPL,288.6,2020-03-20,0.06575,290.0,2020-01-31,6.05,6.19,6.25,12.05,11.92,12.2,0.5053810000000001,0.014077000000000001,-0.244997,0.29536399999999996,0.088635,-0.095776,2020-02-25,-5.7299999999999995,-153.20999999999995,False,,2020-02-27,False
1624,AAPL,292.75,2020-03-20,0.06301,290.0,2020-01-31,6.05,6.19,6.25,9.45,9.33,9.5,0.5643229999999999,0.014527000000000002,-0.24321199999999998,0.28777800000000003,0.09613,-0.103957,2020-02-26,-3.1399999999999997,-156.34999999999994,False,,2020-02-27,False
1627,AAPL,292.26,2020-03-20,0.049319999999999996,290.0,2020-01-31,6.05,6.19,6.25,9.85,9.62,9.9,0.555706,0.014566999999999998,-0.30859200000000003,0.257058,0.073977,-0.079951,2020-03-02,-3.429999999999999,-159.77999999999994,False,,2020-02-27,False
1628,AAPL,291.63,2020-03-20,0.04658,290.0,2020-01-31,6.05,6.19,6.25,10.8,10.43,10.9,0.543823,0.014051,-0.335326,0.24971100000000002,0.06807300000000001,-0.073727,2020-03-03,-4.239999999999999,-164.01999999999995,False,,2020-02-27,False
1629,AAPL,299.81,2020-03-20,0.04384,290.0,2020-01-31,6.05,6.19,6.25,6.4,5.78,6.45,0.6706529999999999,0.014287000000000001,-0.296187,0.23092600000000002,0.081073,-0.087964,2020-03-04,0.41000000000000014,-163.60999999999996,False,,2020-02-27,False
1630,AAPL,292.86,2020-03-20,0.0411,290.0,2020-01-31,6.05,6.19,6.25,10.65,10.58,10.8,0.5600189999999999,0.013094,-0.405088,0.234974,0.06169500000000001,-0.06725700000000001,2020-03-05,-4.39,-167.99999999999994,False,,2020-02-27,False
1631,AAPL,287.25,2020-03-20,0.038360000000000005,290.0,2020-01-31,6.05,6.19,6.25,12.95,12.85,13.2,0.48363100000000003,0.013969999999999998,-0.415328,0.225012,0.04925,-0.053163999999999996,2020-03-06,-6.659999999999999,-174.65999999999994,False,,2020-02-27,False
1633,AAPL,281.63,2020-03-20,0.0274,290.0,2020-01-31,6.05,6.19,6.25,15.2,15.49,15.35,0.398192,0.014478,-0.521252,0.177819,0.028782,-0.030754000000000004,2020-03-10,-9.3,-183.95999999999995,False,,2020-02-27,False
1642,AAPL,292.86,2020-04-17,0.11780999999999998,270.0,2020-03-05,9.8,9.56,9.9,9.8,9.56,9.9,0.716933,0.006868000000000001,-0.20090999999999998,0.345781,0.208612,-0.247167,2020-03-05,0.0,-183.95999999999995,False,,2020-03-12,False
1643,AAPL,287.25,2020-04-17,0.11507,270.0,2020-03-05,9.8,9.56,9.9,12.55,11.85,12.75,0.673281,0.007228,-0.22029899999999997,0.352597,0.188586,-0.22237300000000002,2020-03-06,-2.289999999999999,-186.24999999999994,False,,2020-03-12,False
1644,AAPL,271.95,2020-04-17,0.10685,270.0,2020-03-05,9.8,9.56,9.9,18.7,18.35,18.95,0.5539930000000001,0.008112999999999999,-0.252152,0.35170500000000005,0.139044,-0.161017,2020-03-09,-8.790000000000001,-195.03999999999994,False,,2020-03-12,False
1645,AAPL,281.63,2020-04-17,0.10411,270.0,2020-03-05,9.8,9.56,9.9,14.9,14.73,15.05,0.628313,0.007367,-0.261077,0.342561,0.15656,-0.184271,2020-03-10,-5.17,-200.20999999999992,False,,2020-03-12,False
1646,AAPL,276.8,2020-04-17,0.10137,270.0,2020-03-05,9.8,9.56,9.9,17.35,17.11,17.5,0.59126,0.007518,-0.27625,0.34201,0.14149,-0.165946,2020-03-11,-7.549999999999999,-207.75999999999993,False,,2020-03-12,False
1648,AAPL,264.85,2020-04-17,0.09589,270.0,2020-03-05,9.8,9.56,9.9,23.0,23.08,23.5,0.498971,0.007884,-0.29233600000000004,0.32562800000000003,0.109473,-0.12675699999999998,2020-03-13,-13.519999999999998,-221.27999999999994,False,,2020-03-12,False
1656,AAPL,251.09,2020-04-17,0.06301,270.0,2020-03-05,9.8,9.56,9.9,26.95,27.11,27.4,0.34663099999999997,0.009607,-0.311517,0.235645,0.049652999999999996,-0.05486799999999999,2020-03-25,-17.549999999999997,-238.82999999999993,False,,2020-03-12,False
1657,AAPL,251.97,2020-04-17,0.060270000000000004,270.0,2020-03-05,9.8,9.56,9.9,25.3,25.81,25.85,0.34471799999999997,0.010065000000000001,-0.309603,0.230942,0.047642000000000004,-0.052376,2020-03-26,-16.25,-255.07999999999993,False,,2020-03-12,False
1658,AAPL,251.38,2020-04-17,0.05753,270.0,2020-03-05,9.8,9.56,9.9,25.6,26.15,25.95,0.338107,0.01005,-0.320484,0.22538899999999998,0.044547,-0.048923,2020-03-27,-16.589999999999996,-271.6699999999999,False,,2020-03-12,False
1659,AAPL,253.94,2020-04-17,0.049319999999999996,270.0,2020-03-05,9.8,9.56,9.9,21.9,22.24,22.45,0.32872399999999996,0.011788,-0.311735,0.199745,0.038107,-0.041188999999999996,2020-03-30,-12.679999999999998,-284.3499999999999,False,,2020-03-12,False
1660,AAPL,254.02,2020-04-17,0.04658,270.0,2020-03-05,9.8,9.56,9.9,20.3,20.84,21.1,0.301374,0.012968,-0.277958,0.194227,0.033392000000000005,-0.035676,2020-03-31,-11.28,-295.6299999999999,False,,2020-03-12,False
1662,AAPL,243.11,2020-04-17,0.0411,270.0,2020-03-05,9.8,9.56,9.9,27.85,28.28,28.55,0.131636,0.009752,-0.15642999999999999,0.10746099999999999,0.012584,-0.01316,2020-04-02,-18.72,-314.3499999999999,False,,2020-03-12,False
1664,AAPL,258.03,2020-04-17,0.030139999999999997,270.0,2020-03-05,9.8,9.56,9.9,14.7,14.91,14.9,0.275092,0.018226,-0.281346,0.14874,0.020503,-0.021411000000000003,2020-04-06,-5.35,-319.69999999999993,False,,2020-03-12,False
1665,AAPL,262.24,2020-04-17,0.0274,270.0,2020-03-05,9.8,9.56,9.9,12.0,12.16,12.2,0.358804,0.019708,-0.36002,0.159315,0.024578,-0.025804,2020-04-07,-2.5999999999999996,-322.29999999999995,False,,2020-03-12,False
1666,AAPL,264.91,2020-04-17,0.024659999999999998,270.0,2020-03-05,9.8,9.56,9.9,9.55,9.63,9.65,0.395329,0.022905000000000002,-0.364019,0.16131800000000002,0.024723,-0.025851,2020-04-08,-0.07000000000000028,-322.36999999999995,False,,2020-03-12,False
1667,AAPL,267.9,2020-04-17,0.02192,270.0,2020-03-05,9.8,9.56,9.9,7.25,7.29,7.3,0.45863100000000007,0.02574,-0.386849,0.15734800000000002,0.025814999999999998,-0.026962,2020-04-09,2.2700000000000005,-320.09999999999997,False,,2020-03-12,False
1668,AAPL,272.65,2020-04-17,0.01096,270.0,2020-03-05,9.8,9.56,9.9,3.85,3.87,3.95,0.592529,0.030369,-0.629627,0.110018,0.017027,-0.017747,2020-04-13,5.69,-314.40999999999997,False,,2020-03-12,False
1669,AAPL,287.66,2020-04-17,0.00822,270.0,2020-03-05,9.8,9.56,9.9,0.62,0.54,0.64,0.9148200000000001,0.011541,-0.34955,0.040777999999999995,0.015518,-0.016552,2020-04-14,9.02,-305.39,False,,2020-03-12,False
1670,AAPL,284.44,2020-04-17,0.00548,270.0,2020-03-05,9.8,9.56,9.9,0.56,0.62,0.58,0.895149,0.015119,-0.550258,0.037712,0.01319,-0.014019,2020-04-15,8.940000000000001,-296.45,False,,2020-03-12,False
1671,AAPL,285.69,2020-04-17,0.00274,270.0,2020-03-05,9.8,9.56,9.9,0.16,0.17,0.18,0.9569200000000001,0.009729,-0.42194,0.014830000000000001,0.004502,-0.004743,2020-04-16,9.39,-287.06,False,,2020-03-12,False
1672,AAPL,281.22,2020-04-17,0.0,270.0,2020-03-05,9.8,9.56,9.9,0.0,0.0,0.01,1.0,0.0,0.0,0.0,0.0,0.0,2020-04-17,9.56,-277.5,False,,2020-03-12,False
1955,AAPL,136.75,2021-03-19,0.11780999999999998,130.0,2021-02-04,3.5,3.5,3.55,3.5,3.5,3.55,0.6938439999999999,0.023362,-0.060139,0.165179,0.083587,-0.092177,2021-02-04,0.0,-277.5,False,,2021-03-08,False
1956,AAPL,136.47,2021-03-19,0.11507,130.0,2021-02-04,3.5,3.5,3.55,3.15,3.15,3.2,0.704411,0.024983,-0.059066999999999995,0.162242,0.099819,-0.11053199999999999,2021-02-05,0.3500000000000001,-277.15,False,,2021-03-08,False
1957,AAPL,136.46,2021-03-19,0.10685,130.0,2021-02-04,3.5,3.5,3.55,2.92,2.91,2.93,0.701245,0.024723,-0.064426,0.15649200000000002,0.09216,-0.102162,2021-02-08,0.5899999999999999,-276.56,False,,2021-03-08,False
1958,AAPL,136.33,2021-03-19,0.10411,130.0,2021-02-04,3.5,3.5,3.55,2.93,2.95,2.96,0.695288,0.024435,-0.068255,0.154337,0.088828,-0.098601,2021-02-09,0.5499999999999998,-276.01,False,,2021-03-08,False
1959,AAPL,135.04,2021-03-19,0.10137,130.0,2021-02-04,3.5,3.5,3.55,3.3,3.31,3.35,0.662247,0.02556,-0.072903,0.157797,0.08190700000000001,-0.090577,2021-02-10,0.18999999999999995,-275.82,False,,2021-03-08,False
1960,AAPL,134.76,2021-03-19,0.09863,130.0,2021-02-04,3.5,3.5,3.55,3.15,3.18,3.2,0.661439,0.027354000000000003,-0.069704,0.155645,0.079928,-0.087836,2021-02-11,0.31999999999999984,-275.5,False,,2021-03-08,False
1961,AAPL,135.0,2021-03-19,0.09589,130.0,2021-02-04,3.5,3.5,3.55,2.81,2.83,2.83,0.675822,0.028451,-0.067194,0.14749400000000001,0.079819,-0.087407,2021-02-12,0.6699999999999999,-274.83,False,,2021-03-08,False
1962,AAPL,133.25,2021-03-19,0.08492999999999999,130.0,2021-02-04,3.5,3.5,3.55,3.15,3.15,3.2,0.630576,0.032147,-0.07428799999999999,0.147844,0.065759,-0.071289,2021-02-16,0.3500000000000001,-274.47999999999996,False,,2021-03-08,False
1963,AAPL,130.83,2021-03-19,0.08219,130.0,2021-02-04,3.5,3.5,3.55,4.1,4.11,4.15,0.549912,0.034693,-0.077696,0.148786,0.054934000000000004,-0.059070000000000004,2021-02-17,-0.6100000000000003,-275.09,False,,2021-03-08,False
1964,AAPL,129.92,2021-03-19,0.07945,130.0,2021-02-04,3.5,3.5,3.55,4.5,4.51,4.55,0.517903,0.035432,-0.079705,0.14588199999999998,0.049817,-0.053401,2021-02-18,-1.0099999999999998,-276.09999999999997,False,,2021-03-08,False
1965,AAPL,129.92,2021-03-19,0.07671,130.0,2021-02-04,3.5,3.5,3.55,4.2,4.22,4.25,0.515636,0.037959,-0.07667,0.143377,0.048112,-0.051332,2021-02-19,-0.7199999999999998,-276.82,False,,2021-03-08,False
1966,AAPL,126.38,2021-03-19,0.06849,130.0,2021-02-04,3.5,3.5,3.55,6.25,6.3,6.35,0.387913,0.036056,-0.083353,0.126193,0.031635,-0.033535,2021-02-22,-2.8,-279.62,False,,2021-03-08,False
1967,AAPL,126.33,2021-03-19,0.06575,130.0,2021-02-04,3.5,3.5,3.55,6.35,6.41,6.5,0.3892,0.035218,-0.088849,0.12355799999999999,0.030410000000000003,-0.032286,2021-02-23,-2.91,-282.53000000000003,False,,2021-03-08,False
1968,AAPL,124.87,2021-03-19,0.06301,130.0,2021-02-04,3.5,3.5,3.55,7.2,7.26,7.3,0.338553,0.0341,-0.08723600000000001,0.11573499999999999,0.025144,-0.026601999999999997,2021-02-24,-3.76,-286.29,False,,2021-03-08,False
1969,AAPL,121.77,2021-03-19,0.060270000000000004,130.0,2021-02-04,3.5,3.5,3.55,9.9,9.99,10.05,0.277787,0.027228,-0.095348,0.100127,0.019143,-0.020359,2021-02-25,-6.49,-292.78000000000003,False,,2021-03-08,False
1970,AAPL,124.61,2021-03-19,0.05753,130.0,2021-02-04,3.5,3.5,3.55,7.25,7.29,7.35,0.317644,0.035166,-0.087422,0.10497100000000001,0.021583,-0.022738,2021-02-26,-3.79,-296.57000000000005,False,,2021-03-08,False
1971,AAPL,127.51,2021-03-19,0.049319999999999996,130.0,2021-02-04,3.5,3.5,3.55,4.85,4.91,4.95,0.39327,0.0479,-0.08734299999999999,0.10743699999999999,0.023619,-0.024686000000000003,2021-03-01,-1.4100000000000001,-297.9800000000001,False,,2021-03-08,False
1972,AAPL,125.66,2021-03-19,0.04658,130.0,2021-02-04,3.5,3.5,3.55,6.05,6.09,6.15,0.32816,0.041037,-0.095024,0.09963,0.018316,-0.01917,2021-03-02,-2.59,-300.57000000000005,False,,2021-03-08,False
1973,AAPL,122.83,2021-03-19,0.04384,130.0,2021-02-04,3.5,3.5,3.55,8.25,8.29,8.35,0.22961199999999998,0.034064,-0.085725,0.080044,0.011833,-0.012338,2021-03-03,-4.789999999999999,-305.36000000000007,False,,2021-03-08,False
1974,AAPL,120.24,2021-03-19,0.0411,130.0,2021-02-04,3.5,3.5,3.55,10.4,10.47,10.55,0.159357,0.0269,-0.073935,0.058667,0.007556,-0.007858,2021-03-04,-6.970000000000001,-312.3300000000001,False,,2021-03-08,False
1975,AAPL,121.29,2021-03-19,0.038360000000000005,130.0,2021-02-04,3.5,3.5,3.55,9.3,9.34,9.4,0.168024,0.029993000000000002,-0.076515,0.058740999999999995,0.007519,-0.0077989999999999995,2021-03-05,-5.84,-318.1700000000001,False,,2021-03-08,False
1977,AAPL,121.38,2021-03-19,0.0274,130.0,2021-02-04,3.5,3.5,3.55,8.95,8.99,9.05,0.12575699999999998,0.02925,-0.073806,0.043007,0.00405,-0.004169,2021-03-09,-5.49,-323.6600000000001,False,,2021-03-08,False
1978,AAPL,120.35,2021-03-19,0.024659999999999998,130.0,2021-02-04,3.5,3.5,3.55,9.85,9.92,10.0,0.09715800000000001,0.024647,-0.06739400000000001,0.031769,0.002796,-0.002873,2021-03-10,-6.42,-330.0800000000001,False,,2021-03-08,False
1979,AAPL,122.03,2021-03-19,0.02192,130.0,2021-02-04,3.5,3.5,3.55,8.2,8.24,8.3,0.102625,0.029998,-0.067605,0.034308,0.002671,-0.002734,2021-03-11,-4.74,-334.8200000000001,False,,2021-03-08,False
1980,AAPL,120.92,2021-03-19,0.019180000000000003,130.0,2021-02-04,3.5,3.5,3.55,9.15,9.2,9.25,0.069518,0.022974,-0.056197000000000004,0.021001,0.0015710000000000001,-0.001605,2021-03-12,-5.699999999999999,-340.5200000000001,False,,2021-03-08,False
1981,AAPL,123.67,2021-03-19,0.01096,130.0,2021-02-04,3.5,3.5,3.55,6.5,6.52,6.6,0.10391600000000001,0.037497,-0.109323,0.024499,0.0013859999999999999,-0.0014119999999999998,2021-03-15,-3.0199999999999996,-343.5400000000001,False,,2021-03-08,False
1982,AAPL,125.87,2021-03-19,0.00822,130.0,2021-02-04,3.5,3.5,3.55,4.35,4.42,4.5,0.14752300000000002,0.060269,-0.147094,0.026777,0.001436,-0.001458,2021-03-16,-0.9199999999999999,-344.4600000000001,False,,2021-03-08,False
1983,AAPL,124.8,2021-03-19,0.00548,130.0,2021-02-04,3.5,3.5,3.55,5.25,5.29,5.35,0.075043,0.040441000000000005,-0.124155,0.013300999999999999,0.000509,-0.000516,2021-03-17,-1.79,-346.2500000000001,False,,2021-03-08,False
1984,AAPL,120.65,2021-03-19,0.00274,130.0,2021-02-04,3.5,3.5,3.55,9.3,9.36,9.45,0.004386999999999999,0.003732,-0.021889,0.000784,1.4000000000000001e-05,-1.4000000000000001e-05,2021-03-18,-5.859999999999999,-352.1100000000001,False,,2021-03-08,False
1985,AAPL,120.38,2021-03-19,0.0,130.0,2021-02-04,3.5,3.5,3.55,9.6,9.62,9.7,0.0,0.0,0.0,1e-05,0.0,0.0,2021-03-19,-6.119999999999999,-358.23000000000013,False,,2021-03-08,False
